epoch,loss,accuracy
0,4.660958670362642,0.0087
1,0.7187367975711823,0.7831
2,0.6890188614024392,0.7957
3,0.6500310531899899,0.8074
