epoch,loss,accuracy
0,6.766131733172237,0.0043
1,0.670367065162514,0.816
2,0.6918934133534614,0.8128
3,0.6709594515661081,0.8177
4,0.6601748259636921,0.8207
5,0.681121516889467,0.8209
6,0.7058041746528766,0.8185
7,0.6818346936767474,0.8247
8,0.6641981488647172,0.8298
9,0.6945920876753978,0.8227
10,0.6911465308298699,0.8267
