epoch,loss,accuracy
0,4.660958670362642,0.0087
1,1.5060399393492108,0.6927
2,0.9917801377139513,0.7467
3,0.8293711739250377,0.7722
4,0.7461555785016168,0.7863
5,0.6956233201147635,0.7992
6,0.6586130378367026,0.8079
7,0.6323263577268093,0.8126
8,0.6119472029842908,0.8213
9,0.5956640918798084,0.8226
10,0.5830862906914723,0.8248
