epoch,loss,accuracy
1,2.285162656929842,0.1323
2,1.8257409865689125,0.7871
3,1.7377998206266172,0.8512
4,1.6974856056225527,0.8728
5,1.675197701545278,0.8834
6,1.6586187083250399,0.8872
7,1.6463037774820997,0.8886
8,1.6372989249077572,0.8918
9,1.6300056580525295,0.8938
10,1.624462585540334,0.8958
