epoch,loss,accuracy
1,11.325671147389016,0.0005
2,0.2992478060969122,0.8989
3,0.28938518644897804,0.9129
4,0.26608125398018556,0.9201
5,0.3028864788638938,0.9202
6,0.3947703227827883,0.9116
7,0.3080065868154263,0.9258
8,0.3206079076548481,0.9276
9,0.33347925213373203,0.9263
10,0.3393927897581724,0.9266
