epoch,loss,accuracy
0,26.575107282893672,0.0009
1,1.101255129477021,0.6993
2,0.9284055411435996,0.759
3,0.995508702697268,0.7621
4,1.0243225050200322,0.7674
5,1.0146223674913881,0.7808
6,1.121796731166779,0.7822
7,1.1691771510300364,0.7799
8,1.2533002450207995,0.7814
9,1.2205335826251158,0.7842
10,1.3508304471422912,0.7937
