epoch,loss,accuracy
0,16.15177054314097,0.0083
1,1.6098273802714742,0.5537
2,1.1683774100747077,0.667
3,1.0862584694935258,0.693
4,1.1132008197960581,0.7018
5,1.0392588483300178,0.7176
6,1.1095498515542146,0.7241
7,1.1388911874430954,0.7249
8,1.184504321426343,0.7306
9,1.2585106902061753,0.7336
10,1.2595525085926056,0.7434
