epoch,loss,accuracy
1,2.278719302195652,0.1144
2,1.7878981517378691,0.9123
3,1.700217801294509,0.9271
4,1.6610636042941147,0.9311
5,1.6382626803817264,0.9321
6,1.6216920318117567,0.9323
7,1.6093086034628996,0.9354
8,1.6007721241872022,0.9348
9,1.5933031208196264,0.9376
10,1.587492528994372,0.9389
