epoch,loss,accuracy
0,6.8927578805368155,0.0028
1,1.171379064457326,0.7556
