epoch,loss,accuracy
0,8.772530962707132,0.005
1,3.7541516363620757,0.1203
2,3.639797234535217,0.1429
3,3.5385629315919513,0.1536
4,3.4737658711928354,0.1718
