epoch,loss,accuracy
1,19.773703058813787,0.0
2,0.20905813978166338,0.9359
3,0.224206348513342,0.9397
4,0.2309702311636536,0.9433
5,0.27487362273835286,0.9428
6,0.2880425613942989,0.9454
7,0.308577139016573,0.9443
8,0.30555939381670766,0.947
9,0.31607185137883764,0.9476
10,0.32574719551114284,0.948
