epoch,loss,accuracy
0,12.487478474902499,0.0
1,0.24358667739352602,0.917
2,0.26182709489563466,0.9158
3,0.2186651256433718,0.9276
4,0.2541167874387495,0.9194
5,0.2770097352279599,0.9202
6,0.244492184465668,0.9338
7,0.307219863768406,0.9266
8,0.33330229767093994,0.9236
9,0.2927781197088207,0.9324
10,0.32381998641997767,0.9296
