epoch,loss,accuracy
1,2.3353861638694813,0.0738
2,1.7671361941440848,0.8361
3,1.684904263277722,0.8745
4,1.651408145382146,0.8855
5,1.6312870440209748,0.8957
6,1.6177955303981806,0.8992
7,1.6081224983664835,0.8996
8,1.6008977358508263,0.9025
9,1.5947652576835292,0.9004
10,1.5904100784070931,0.9061
