epoch,loss,accuracy
1,2.303007257971794,0.1129
2,1.7585668753666484,0.8599
3,1.6879128529008027,0.883
4,1.6561894811642397,0.8905
5,1.6355630607362006,0.8976
6,1.622992412299867,0.899
7,1.6124898157301981,0.9035
8,1.605969547466108,0.9011
9,1.5991716157099245,0.902
10,1.5936646575381042,0.9078
