epoch,loss,accuracy
0,8.93664349112541,0.0008
1,0.22379974425313579,0.9208
2,0.204629967380671,0.9264
3,0.23107353287043086,0.9219
4,0.19034154227916983,0.9346
5,0.2080562427687417,0.9334
6,0.21696782468041037,0.9324
7,0.21398074902404265,0.9328
8,0.22631334279705384,0.9373
9,0.23558569149037076,0.9338
10,0.2472938543695743,0.9339
