epsilon,accuracy,ssim
0.0002,1.0,0.9999986373832066
0.0004,1.0,0.9999945528469734
0.0008,1.0,0.9999782367595745
0.0016,1.0,0.9999132614082032
0.0032,1.0,0.9996551120898681
0.0064,1.0,0.9986407301325745
0.0128,0.98999995,0.994736079375986
0.0256,0.98999995,0.9806068218315147
0.0512,0.93999994,0.9393858734589544
0.1024,0.91999996,0.842212583541983
