epsilon,accuracy
0.0005,74.0
0.001,58.0
0.005,20.666666666666668
0.01,13.666666666666666
0.02,12.0
0.05,14.0
0.1,14.0
0.3,10.0
0.5,7.0
0.7,6.333333333333333
1.0,3.0
