epsilon,accuracy,ssim
0.004,99.0,0.9997971214785581
0.005,98.0,0.99977475174585
0.006,98.0,0.9995562368838445
0.007,97.0,0.9993819105113133
0.01,96.0,0.9984653188880118
0.02,85.0,0.9937800026489663
0.03,77.0,0.9876890553875508
0.5,1.0,0.2912072600839019
1,1.0,0.09100577827979388
