max_iterations,accuracy,ssim
1,59.0,0.8243419700473116
2,60.0,0.8027277564444614
3,59.0,0.8234928114569176
5,55.0,0.826146598658085
10,48.0,0.8257919752294264
15,43.0,0.8256886414110415
20,44.0,0.824912609842702
25,38.0,0.8247393071262584
50,27.0,0.8108691271641151
100,15.0,0.8237774697815654
