epsilon,accuracy,ssim
0.004,99.0,0.9998479107748969
0.005,98.0,0.999793138299027
0.006,96.0,0.9995007244669353
0.007,95.0,0.9994175753870647
0.01,94.0,0.9990032449266998
0.02,85.0,0.9953602476080518
0.03,75.0,0.9876725432547534
0.5,1.0,0.2167853418466315
1,0.0,0.10860854631288894
