epsilon,accuracy
0.0005,64.66666666666667
0.001,48.666666666666664
0.005,21.0
0.01,18.666666666666668
0.02,22.333333333333332
0.05,26.333333333333332
0.1,29.666666666666668
0.3,19.666666666666668
0.5,10.0
0.7,4.666666666666667
1.0,2.6666666666666665
