epsilon,accuracy,ssim
0.0005,90.66666666666667,0.9999917635408018
0.001,77.66666666666667,0.9999670535879565
0.005,25.333333333333332,0.9991771514670333
0.01,10.666666666666666,0.9967187737279383
0.02,6.666666666666667,0.9870440536082498
0.05,7.333333333333333,0.9258013408936717
0.1,14.0,0.7677562623392983
0.3,14.0,0.315265712132662
0.5,11.0,0.15812682184852475
0.7,12.0,0.09286821028507025
1.0,12.666666666666666,0.04996202835177228
