epsilon,accuracy,ssim
0.0005,84.33333333333333,0.9999919988005294
0.001,71.0,0.9999679952639496
0.005,43.333333333333336,0.9992006726296497
0.01,35.333333333333336,0.9968124961425779
0.02,37.0,0.9874081903050532
0.05,45.666666666666664,0.9275012827223956
0.1,45.0,0.771717489701767
0.3,40.333333333333336,0.32237615327381985
0.5,22.333333333333332,0.1640601012471996
0.7,17.333333333333332,0.09723451369831143
1.0,14.0,0.052710581242266547
