epsilon,accuracy
0.0005,91.66666666666667
0.001,79.0
0.005,26.333333333333332
0.01,12.666666666666666
0.02,7.666666666666667
0.05,11.666666666666666
0.1,13.0
0.3,13.333333333333334
0.5,17.0
0.7,12.666666666666666
1.0,9.333333333333334
