max_iterations,accuracy,ssim
0,100,1
1,77.0,0.8724289536523218
2,75.0,0.8575176953751953
3,75.0,0.8615268415433016
5,73.0,0.8591331287316869
10,69.0,0.8644471751019122
15,61.0,0.8792877852484177
20,60.0,0.8631939648725064
25,60.0,0.8651101601594979
50,44.0,0.8706791993052162
100,30.0,0.8765635291727486
