max_iterations,accuracy,ssim
0,100,1
1,61.0,0.7815585846128323
2,55.0,0.7825745049136708
3,55.0,0.7839727024493892
5,48.0,0.7842672856789841
10,43.0,0.7874184518480427
15,37.0,0.7889985737351773
20,38.0,0.8129010847467564
25,32.0,0.795046246798649
50,19.0,0.8161584429140178
100,5.0,0.8318225943664892
