max_iterations,accuracy,ssim
1,63.0,0.8330400204123748
2,64.0,0.8531078862778033
3,60.0,0.8463796550942838
5,59.0,0.8533461399969869
10,54.0,0.841427377276289
15,51.0,0.8493057568653157
20,50.0,0.8569223308015635
25,45.0,0.8446215493426124
50,36.0,0.8615453245338518
100,20.0,0.8390026190275919
