epsilon,accuracy
0.0005,85.33333333333333
0.001,73.0
0.005,44.666666666666664
0.01,39.0
0.02,40.333333333333336
0.05,49.333333333333336
0.1,50.666666666666664
0.3,35.333333333333336
0.5,21.666666666666668
0.7,15.666666666666666
1.0,12.333333333333334
