epsilon,accuracy
0.0005,97.33333333333333
0.001,97.0
0.005,96.66666666666667
0.01,96.66666666666667
0.02,96.33333333333333
0.05,97.0
0.1,97.0
0.3,98.0
0.5,97.66666666666667
0.7,98.0
1.0,97.66666666666667
