epsilon,accuracy
0.0005,98.33333333333333
0.001,98.0
0.005,99.0
0.01,97.33333333333333
0.02,98.33333333333333
0.05,99.0
0.1,98.0
0.3,98.33333333333333
0.5,98.66666666666667
0.7,97.66666666666667
1.0,98.66666666666667
