max_iterations,accuracy,ssim
0,100,0
1,67.0,0.7909187810867987
2,69.0,0.8107328012091184
3,65.0,0.7888467504731149
5,64.0,0.7908667145118506
10,59.0,0.8107127183568453
15,51.0,0.7965652344660745
20,44.0,0.7754457778653192
25,40.0,0.7815887070506106
50,29.0,0.821011925592187
100,11.0,0.811157897990326
