max_iterations,accuracy,ssim
0,100,1
1,82.0,0.814176638487225
2,84.0,0.8114161437922688
3,82.0,0.8125292297254267
5,76.0,0.816184410989312
10,81.0,0.8438031701581636
15,76.0,0.8164516357476505
20,73.0,0.8491069804301473
25,63.0,0.832695677697739
50,49.0,0.8303409407233519
100,40.0,0.8425064388417265
