max_iterations,accuracy,ssim
1,43.0,0.7829211393059585
2,39.0,0.7844593099346713
3,37.0,0.7842246509810253
5,36.0,0.7852008992976188
10,31.0,0.7859950384648181
15,31.0,0.7850120171226946
20,23.0,0.7862114606467852
25,19.0,0.7849300195999873
50,10.0,0.7859988024985076
100,2.0,0.7954997239621615
