epsilon,accuracy
0.0005,87.0
0.001,76.0
0.005,45.666666666666664
0.01,43.0
0.02,44.333333333333336
0.05,49.666666666666664
0.1,49.333333333333336
0.3,36.0
0.5,23.0
0.7,15.666666666666666
1.0,14.666666666666666
