epsilon,accuracy,ssim
0.0002,1.0,0.9999986816847377
0.0004,1.0,0.999994730821949
0.0008,1.0,0.9999789406345378
0.0016,1.0,0.9999159141595818
0.0032,0.98999995,0.9996651694128227
0.0064,0.9799999,0.9986730921617202
0.0128,0.9599999,0.9948135422476356
0.0256,0.93999994,0.9804425485038202
0.0512,0.92999995,0.9329012916549727
0.1024,0.9199999,0.8139085944497217
