epsilon,accuracy
0.0005,64.0
0.001,46.0
0.005,25.666666666666668
0.01,23.0
0.02,23.666666666666668
0.05,30.333333333333332
0.1,32.666666666666664
0.3,21.666666666666668
0.5,11.333333333333334
0.7,6.666666666666667
1.0,4.333333333333333
