epsilon,accuracy
0.0005,88.0
0.001,77.66666666666667
0.005,30.666666666666668
0.01,22.0
0.02,20.0
0.05,20.333333333333332
0.1,19.0
0.3,17.666666666666668
0.5,19.0
0.7,17.666666666666668
1.0,16.333333333333332
