max_iterations,accuracy,ssim
1,41.0,0.7995969565338514
2,39.0,0.8005502419836187
3,37.0,0.8009342443875884
5,35.0,0.7864954558558451
10,29.0,0.8070227701819871
15,27.0,0.8017383706511257
20,23.0,0.7936883717414491
25,24.0,0.7925580582103674
50,11.0,0.81923559954643
100,2.0,0.8189445351305944
