max_iterations,accuracy,ssim
1,92.0,0.7313311155390035
2,91.0,0.6887176698888233
3,91.0,0.690140374053796
5,89.0,0.7158310407342598
10,83.0,0.6954520704211162
15,81.0,0.7219629254829438
20,82.0,0.7416221941179127
25,83.0,0.7144630341665138
50,74.0,0.7517740610154282
100,61.0,0.7512841219847839
