max_iterations,accuracy,ssim
1,87.0,0.7717646351169734
2,85.0,0.7721919579551111
3,82.0,0.7871241663645551
5,84.0,0.7454877813345065
10,81.0,0.7434969781381775
15,80.0,0.788519017759047
20,75.0,0.7774727902262312
25,71.0,0.7483611284825205
50,66.0,0.7731112588824225
100,51.0,0.7772956107967082
