max_iterations,accuracy,ssim
1,70.0,0.7411145002717817
2,72.0,0.747664621422541
3,66.0,0.7592863477075796
5,66.0,0.7484461647524657
10,64.0,0.7445275003663699
15,56.0,0.7270911425192953
20,55.0,0.7471507111229885
25,47.0,0.7457592620161653
50,32.0,0.7431295895197719
100,20.0,0.7556497756403703
