max_iterations,accuracy,ssim
1,85.0,0.738996713973159
2,87.0,0.7138958468820491
3,87.0,0.7110605711582385
5,79.0,0.7026615980283545
10,80.0,0.7644264700960525
15,74.0,0.7373849892141198
20,66.0,0.7245175400736585
25,60.0,0.7279163971182043
50,49.0,0.7258639279901576
100,28.0,0.7359069486013436
